episode,episode_length,episode_reward,episode_success,eval_total_time,frame,step
0.0,100.0,0.12,0.0,114.90709209442139,0,0.0
20.0,100.0,0.45,0.02,237.6145761013031,2000,1000.0
40.0,100.0,1.62,0.08,382.0526912212372,4000,2000.0
60.0,100.0,1.53,0.09,527.0604012012482,6000,3000.0
